{"cameraMode":{"drawMode":0,"name":"Shaded","section":"Shading Mode"},"sceneLighting":false,"audioPlay":false,"sceneViewState":{"showFog":true,"showMaterialUpdate":false,"showSkybox":false,"showFlares":true,"showImageEffects":true,"showParticleSystems":true},"in2DMode":false,"pivot":{"x":3.9561009407043459,"y":3.1040830612182619,"z":1.4798243045806885},"rotation":{"x":-0.1765201985836029,"y":0.8178980946540833,"z":-0.33077165484428408,"w":-0.4364623427391052},"size":1.7320512533187867,"orthographic":false}