{"cameraMode":{"drawMode":0,"name":"Shaded","section":"Shading Mode"},"sceneLighting":true,"audioPlay":false,"sceneViewState":{"showFog":true,"showMaterialUpdate":false,"showSkybox":false,"showFlares":true,"showImageEffects":true,"showParticleSystems":true},"in2DMode":false,"pivot":{"x":4.834918975830078,"y":-6.053162574768066,"z":2.5632362365722658},"rotation":{"x":-0.06650650501251221,"y":0.932587742805481,"z":-0.22852638363838197,"w":-0.2714012861251831},"size":5.196155071258545,"orthographic":false}