{"cameraMode":{"drawMode":0,"name":"Shaded","section":"Shading Mode"},"sceneLighting":false,"audioPlay":false,"sceneViewState":{"showFog":true,"showMaterialUpdate":false,"showSkybox":false,"showFlares":true,"showImageEffects":true,"showParticleSystems":true},"in2DMode":false,"pivot":{"x":0.0,"y":0.07499998807907105,"z":-0.07499998807907105},"rotation":{"x":-0.048896849155426028,"y":-0.7064744234085083,"z":0.04904363676905632,"w":-0.7043511271476746},"size":1.0446292161941529,"orthographic":false}