{"cameraMode":{"drawMode":0,"name":"Shaded","section":"Shading Mode"},"sceneLighting":true,"audioPlay":false,"sceneViewState":{"showFog":true,"showMaterialUpdate":false,"showSkybox":true,"showFlares":true,"showImageEffects":true,"showParticleSystems":true},"in2DMode":false,"pivot":{"x":8.281811714172364,"y":1.7988147735595704,"z":1.8893890380859376},"rotation":{"x":-0.029959021136164666,"y":0.9019665718078613,"z":-0.42607226967811587,"w":-0.06342140585184097},"size":8.37037467956543,"orthographic":false}